{
  "r1_r3": {
    "taus": [
      0.1,
      0.3,
      0.5,
      0.8,
      1.0,
      1.5,
      2.0,
      3.0,
      5.0,
      8.0
    ],
    "accs": [
      0.17624999582767487,
      0.17749999463558197,
      0.17249999940395355,
      0.18000000715255737,
      0.18125000596046448,
      0.1862500011920929,
      0.1862500011920929,
      0.18000000715255737,
      0.1837500035762787,
      0.1875
    ],
    "tau_star": 8.0,
    "interior": false,
    "r1_pass": false,
    "r3_pass": false
  },
  "r2": {
    "acc_softmax": 0.16500000655651093,
    "acc_sg_fixed1": 0.18125000596046448,
    "acc_sg_learn": 0.17624999582767487,
    "tau_learned": [
      1.0681227445602417,
      1.759067416191101,
      1.3046234846115112,
      1.4543025493621826
    ],
    "r2_pass": true
  },
  "r4_pass": true
}