{
  "limits": {
    "p1": true,
    "p2": false,
    "p3": true,
    "I_err": 1.0132789611816406e-06,
    "P2_err": 0.37528711557388306,
    "pi_dev": 5.587935447692871e-08
  },
  "p4": {
    "taus": [
      0.0,
      0.25,
      0.5,
      0.75,
      1.0,
      1.5,
      2.0,
      3.0,
      5.0,
      8.0
    ],
    "accs": [
      0.9024999737739563,
      0.9825000166893005,
      0.9950000047683716,
      0.9975000023841858,
      0.9950000047683716,
      0.9975000023841858,
      0.9975000023841858,
      0.9975000023841858,
      0.9975000023841858,
      0.9975000023841858
    ],
    "tau_star": 0.75,
    "interior": false,
    "near_one": true,
    "verdict": "FAIL/inconclusive"
  },
  "p5": {
    "gap_dense": 0.8212794065475464,
    "gap_cycle": 0.0979112982749939,
    "p5_pass": true
  }
}