{
  "q1": {
    "results": {
      "cycle_s1.0": {
        "e0": 3.0899295806884766,
        "e_end": 0.037695545703172684,
        "ratio": 0.01219948374440758,
        "late_std": 0.004714811686426401
      },
      "cycle_s1.5": {
        "e0": 4.466586112976074,
        "e_end": 6.460165023803711,
        "ratio": 1.4463316857565272,
        "late_std": 0.012621025554835796
      },
      "cycle_s2.0": {
        "e0": 2.9082279205322266,
        "e_end": 9.04195785522461,
        "ratio": 3.1090953319988657,
        "late_std": 0.005041121505200863
      },
      "cycle_s3.0": {
        "e0": 5.8146209716796875,
        "e_end": 15.83724594116211,
        "ratio": 2.7236936019689453,
        "late_std": 0.00035863410448655486
      },
      "cycle_s5.0": {
        "e0": 4.302139759063721,
        "e_end": 10.4299898147583,
        "ratio": 2.4243726137348496,
        "late_std": 0.07670275866985321
      },
      "chain_s1.0": {
        "e0": 3.248152256011963,
        "e_end": 1.2686895445312985e-07,
        "ratio": 3.905880772037423e-08,
        "late_std": 0.0015500489389523864
      },
      "chain_s1.5": {
        "e0": 3.9415836334228516,
        "e_end": 0.3581935465335846,
        "ratio": 0.09087554134469945,
        "late_std": 1.2018673419952393
      },
      "chain_s2.0": {
        "e0": 3.8220601081848145,
        "e_end": 1.526785969734192,
        "ratio": 0.3994667603644338,
        "late_std": 1.597153663635254
      },
      "chain_s3.0": {
        "e0": 2.537466049194336,
        "e_end": 4.4865851402282715,
        "ratio": 1.76813602683853,
        "late_std": 1.3999712467193604
      },
      "chain_s5.0": {
        "e0": 1.665193796157837,
        "e_end": 6.177426338195801,
        "ratio": 3.7097341755292805,
        "late_std": 1.1584959030151367
      }
    },
    "cycle_sustained": true,
    "chain_sustained": true,
    "q1_pass": false
  },
  "q2": {
    "best_cycle_r2": -0.03791116274403361,
    "chain_r2": -0.39209645304925744,
    "const_mse": 0.42552924156188965,
    "q2_pass": false
  },
  "q3": {
    "rows": [
      [
        8,
        0.0033333333333333335
      ],
      [
        12,
        0.0033333333333333335
      ],
      [
        16,
        0.006666666666666667
      ],
      [
        24,
        0.006666666666666667
      ],
      [
        32,
        0.006666666666666667
      ]
    ],
    "corr": 0.7960029457578487,
    "q3_pass": false
  },
  "q4": {
    "late_std": 0.003354688175022602,
    "final_change": 0.0010547637939453125,
    "q4_pass": false
  }
}