{
  "p1": {
    "imag_c": 0.21024189889431,
    "imag_d": 0.5476398468017578,
    "gap_c": 0.7897579073905945,
    "gap_d": 0.30133068561553955,
    "half_c": 2.8282828330993652,
    "half_d": 1.8181817531585693,
    "p1_pass": false
  },
  "p2": {
    "mse_c": 1.052951693534851,
    "mse_d": 4.782789707183838,
    "r2_c": -4.449297463448207,
    "r2_d": -23.752174273131022,
    "const_mse": 0.6554766297340393,
    "p2_pass": false
  },
  "p3": {
    "rows": [
      [
        0.5,
        0.9610347747802734,
        0
      ],
      [
        1.0,
        0.903022050857544,
        0
      ],
      [
        2.0,
        0.7146347761154175,
        0
      ],
      [
        4.0,
        0.2298906445503235,
        0
      ],
      [
        8.0,
        0.005340456962585449,
        0
      ]
    ],
    "corr": 0.0,
    "p3_pass": false
  },
  "p4": {
    "persistent_modes": 0,
    "e_ratio": 0.01156538169402019,
    "p4_pass": false
  }
}